Fon Kodu,Fon Adı,Şemsiye Fon Türü,İlk Portföy Büyüklüğü,Son Portföy Büyüklüğü,Portföy Büyüklüğü Değişimi (%),Tedavüldeki İlk Pay Adedi,Tedavüldeki Son Pay Adedi,Pay Adedi Değişimi (%),Getiri Oranı (%),Uygulanan Yönetim Ücreti Yıllık (%),Fon İç Tüzüğünde Yer Alan Yönetim Ücreti Yıllık (%),Yıllık Getiri Oranı (%),Yıllık Azami Fon Toplam Gider Oranı (%),Fonun Risk Değeri,1 Ay (%),3 Ay (%),6 Ay (%),Yılbaşından İtibaren (%),1 Yıl (%),3 Yıl (%),5 Yıl (%)
AIS,AK PORTFÖY PARA PİYASASI KATILIM FONU,Katılım Fonu,"13448499182,90","14685417974,96","9,2","129326519760,00","136711036773,00","5,71","3,30","0,39","0,85","47,35","2,56",1.0,"3,2984","10,2514","20,8353","27,4579","47,3532","216,1893","372,9614"
BAI,BV PORTFÖY ALTIN KATILIM FONU,Katılım Fonu,"34511647,89","45753241,47","32,57","35043606,00","41087917,00","17,25","13,07","1,72","1,72",0,,6.0,"13,0709",,,,,,
BCO,BULLS PORTFÖY ÇOKLU VARLIK KATILIM FONU,Katılım Fonu,"32391074,05","42953180,63","32,61","18378461,00","21990329,00","19,65","10,83","2,25","2,25","68,64","3,65",6.0,"10,8274","13,26","21,6488","41,3634","68,6391",,
BTK,BV PORTFÖY TEKNOLOJİ KATILIM FONU,Katılım Fonu,"295437045,47","306380984,96","3,7","190013666,00","181884717,00","-4,28","8,34",2,2,0,"3,65",6.0,"8,3392","11,8784","52,2185","61,4649",,,
CKF,ALBARAKA PORTFÖY ÇOKLU VARLIK KATILIM FONU,Katılım Fonu,"701974690,98","676138078,96","-3,68","348831478,00","316252278,00","-9,34","6,24","2,55","2,55","63,05","3,65",5.0,"6,2419","9,5891","28,323","38,8177","63,0502",,
CPU,AKTİF PORTFÖY TEKNOLOJİ KATILIM FONU,Katılım Fonu,"1535881196,24","1653366045,56","7,65","417093592,00","424149199,00","1,69","5,86",2,0,"91,63","3,65",5.0,"5,8586","10,6105","44,1284","59,5283","91,634",,
CVK,INVEO PORTFÖY ÇOKLU VARLIK KATILIM FONU,Katılım Fonu,"616922578,40","629608314,37","2,06","124226810,00","122739060,00","-1,2","3,29","1,75","1,75","40,19","3,65",3.0,"3,2933","8,324","16,1774","25,5805","40,192","223,6613",
CVL,A1 CAPİTAL PORTFÖY ÇOKLU VARLIK KATILIM FONU,Katılım Fonu,"18834810,59","49425528,81","162,42","14179324,00","34804104,00","145,46","6,91","2,25",0,0,0,4.0,"6,9092","10,5077","21,8387","34,8023",,,
DPK,DENİZ PORTFÖY KİRA SERTİFİKALARI KATILIM (TL) FONU,Katılım Fonu,"820524721,07","873977372,95","6,51","98109518,00","101355464,00","3,31","3,10","1,5",0,"42,37","3,65",1.0,"3,1033","9,3891","17,8967","24,1895","42,3682","208,7525","372,1324"
EKF,ASTRA PORTFÖY KİRA SERTİFİKASI KATILIM (TL) FONU,Katılım Fonu,"1851822165,69","1574260977,68","-14,99","14018669466,00","11523777645,00","-17,8","3,42","1,25","1,25","43,30","3,65",3.0,"3,4164","6,332","17,111","23,7488","43,3022","220,7485","537,7982"
EP1,EMLAK KATILIM PORTFÖY PARA PİYASASI KATILIM (TL) FONU,Katılım Fonu,"10992954215,59","13169190206,70","19,8","10628136137,00","12330153690,00","16,01","3,26","1,25","1,25",0,"1,65",1.0,"3,2603",,,,,,
EPA,EMAA BLUE PORTFÖY PARA PİYASASI KATILIM (TL) FONU,Katılım Fonu,"521105030,19","540120082,82","3,65","391049534,00","392118867,00","0,27","3,37","0,9","0,9",0,"1,65",1.0,"3,3663","10,3006","20,6834","26,8769",,,
EPI,EMAA BLUE PORTFÖY İNŞAAT SEKTÖRÜ KATILIM FONU,Katılım Fonu,"290564760,90","283691481,73","-2,37","253351481,00","251417189,00","-0,76","-1,61","2,4","2,4",0,"3,65",5.0,"-1,6144","-1,6743","0,3811","12,1178",,,
FAK,FONMAP PORTFÖY ALTIN KATILIM FONU,Katılım Fonu,"23795284,56","22907784,28","-3,73","20362710,00","17384508,00","-14,63","12,76","1,2","1,2",0,"2,19",6.0,"12,7627","-0,5998","-12,9605","-12,2974",,,
FBC,ONE PORTFÖY KAR PAYI ÖDEYEN KATILIM FONU,Katılım Fonu,"192652212,80","180560251,35","-6,28","90339506,00","87033508,00","-3,66","-2,72",3,3,"21,32","3,65",6.0,"-2,7165","-9,8367","1,3318","6,5036","21,3174","83,4628",
FCK,ONE PORTFÖY ÇOKLU VARLIK KATILIM FONU,Katılım Fonu,"333198826,02","304061777,84","-8,74","173407284,00","163691112,00","-5,6","-3,33","1,5","1,5","26,33","3,65",5.0,"-3,328","-5,2604","7,5626","20,3512","26,3257",,
FFH,QNB PORTFÖY ÇOKLU VARLIK KATILIM FONU,Katılım Fonu,"1727294318,44","1612419084,72","-6,65","206639453,00","184473242,00","-10,73","4,57","1,95","1,95","51,10","3,65",4.0,"4,5662","8,0764","17,3512","28,5567","51,1016","200,2234","703,3412"
FTL,ONE PORTFÖY PARA PİYASASI KATILIM FONU,Katılım Fonu,"267135708,64","274771011,24","2,86","180190045,00","179414062,00","-0,43","3,30","1,25","1,25","45,90","2,56",1.0,"3,3031","10,2245","20,5916","26,8661","45,901",,
GKF,GLOBAL MD PORTFÖY KATILIM FONU,Katılım Fonu,"40204179,04","41924669,78","4,28","8604095,00","9236970,00","7,36","-2,87","1,9","1,9","15,30","3,65",7.0,"-2,8654","-6,3967","4,6827","16,9091","15,3025","121,9584","352,5787"
GLL,GOLDEN GLOBAL PORTFÖY ALTIN KATILIM FONU,Katılım Fonu,"0,00","49082576,17",0,"0,00","48075138,00",0,"0,00","0,8","0,8",0,,6.0,,,,,,,
GLS,AZİMUT PORTFÖY  KİRA SERTİFİKALARI (SUKUK) KATILIM FONU,Katılım Fonu,"379773274,84","391465111,25","3,08","2303894727,00","2296675573,00","-0,31","3,40","2,4",0,"44,82","3,65",2.0,"3,4027","9,6015","18,9414","26,1305","44,8153","213,9949","397,1968"
GOL,GARANTİ PORTFÖY ALTIN KATILIM FONU,Katılım Fonu,"4372991977,99","4576949253,64","4,66","1717891356,00","1594074727,00","-7,21","12,79","1,95","1,95","49,84",0,6.0,"12,7936","4,3712","-6,8371","10,6111","49,8367",,
GOP,GOLDEN GLOBAL PORTFÖY PARA PİYASASI KATILIM FONU,Katılım Fonu,"1449265629,60","2151298598,03","48,44","1231918743,00","1767080627,00","43,44","3,49","0,7","0,7",0,"1,65",1.0,"3,4852","10,7266",,,,,
GPF,GARANTİ PORTFÖY ÇOKLU VARLIK KATILIM FONU,Katılım Fonu,"611282110,83","686364945,22","12,28","69272556,00","74882978,00","8,1","3,87","1,83","1,83","42,73","3,65",3.0,"3,8703","8,0117","16,9169","23,4895","42,7304","182,6271","409,7312"
GPN,GARANTİ PORTFÖY PARA PİYASASI KATILIM (TL) FONU,Katılım Fonu,"4699098612,91","5098312762,24","8,5","3491811069,00","3665784060,00","4,98","3,35","0,4","0,4",0,0,1.0,"3,3465","10,3292","20,6847","26,9974",,,
HAM,HEDEF PORTFÖY ALTIN KATILIM FONU,Katılım Fonu,"1446686070,94","1583344490,29","9,45","516971431,00","501237410,00","-3,04","12,88","1,5","1,5","62,53","3,65",6.0,"12,8818","3,9606","-5,1861","12,9666","62,5345",,
HCV,HEDEF PORTFÖY ATAK ÇOKLU VARLIK KATILIM FONU,Katılım Fonu,"132634201,37","166881053,00","25,82","153105042,00","163345686,00","6,69","17,93","2,95","2,95",0,"3,65",5.0,"17,9325","-4,955",,,,,
HPH,HEDEF PORTFÖY PARA PİYASASI KATILIM FONU,Katılım Fonu,"12521743618,14","7034004188,27","-43,83","5409086814,00","2957905413,00","-45,32","2,73","1,25","1,25","45,73","3,65",1.0,"2,7253","9,6923","20,226","26,5531","45,7254",,
IAT,İŞ PORTFÖY KİRA SERTİFİKALARI KATILIM (TL) FONU,Katılım Fonu,"1767442203,89","1862004959,97","5,35","9255794004,21","9474726545,21","2,37","2,92","1,75",0,"40,81","3,65",1.0,"2,9159","8,4468","17,116","22,8069","40,806","192,4972","357,4558"
IAY,INVEO PORTFÖY ALTIN KATILIM FONU,Katılım Fonu,"44439952,82","46931627,01","5,61","32656362,00","30612779,00","-6,26","12,66","1,5","1,5","50,43","4,38",6.0,"12,6567","3,7263","-7,0048","9,6711","50,4293",,
IV8,INVEO PORTFÖY KİRA SERTİFİKALARI KATILIM FONU,Katılım Fonu,"31692112,46","33015368,81","4,18","14216441,00","14386635,00","1,2","2,94","1,5","1,5","40,84","4,38",2.0,"2,943","8,7835","17,0364","23,2641","40,8373",,
KCL,KARE PORTFÖY ÇOKLU VARLIK KATILIM FONU,Katılım Fonu,"13416005,20","0,00",-100,"7768972,00","0,00",-100,"-100,00","0,25","0,25",0,"3,65",6.0,"0,00","0,00","0,00","0,00","0,00",,
KCR,AK PORTFÖY KÜLÇE ALTIN KATILIM FONU,Katılım Fonu,"51098289,67","64841352,69","26,9","52604957,00","59510352,00","13,13","12,17","1,5","1,5",0,,6.0,"12,1708",,,,,,
KCV,KUVEYT TÜRK PORTFÖY ÇOKLU VARLIK KATILIM FONU,Katılım Fonu,"2714028422,96","0,00",-100,"536617094,00","0,00",-100,"-100,00","2,5","2,5",0,"3,65",2.0,"0,00","0,00","0,00","0,00","0,00","0,00",
KDE,KUVEYT TÜRK PORTFÖY DENGELİ KATILIM FONU,Katılım Fonu,"689611193,91","0,00",-100,"402848011,00","0,00",-100,"-100,00","1,75","1,75",0,"3,65",3.0,"0,00","0,00","0,00","0,00","0,00",,
KIK,KUVEYT TÜRK PORTFÖY İKİNCİ KATILIM FONU,Katılım Fonu,"177956640,30","0,00",-100,"125785075,00","0,00",-100,"-100,00","2,5","2,5",0,"3,65",6.0,"0,00","0,00","0,00","0,00","0,00",,
KIS,ASTRA PORTFÖY KİRA SERTİFİKASI KATILIM (DÖVİZ) FONU,Katılım Fonu,"90327386,97","91163499,00","0,93","416973871,00","413375085,00","-0,86","1,80","1,25","1,25","20,28","3,65",6.0,"1,8045","4,4027","8,7252","11,0661","20,2815","105,6903","558,117"
KLU,KUVEYT TÜRK PORTFÖY PARA PİYASASI KATILIM (TL) FONU,Katılım Fonu,"87854140367,98","0,00",-100,"18746060637,00","0,00",-100,"-100,00","1,3","1,3",0,"1,65",1.0,"0,00","0,00","0,00","0,00","0,00","0,00","0,00"
KME,KUVEYT TÜRK PORTFÖY TEMKİNLİ KATILIM FONU,Katılım Fonu,"198733324,54","0,00",-100,"126133414,00","0,00",-100,"-100,00","1,4","1,4",0,"3,65",2.0,"0,00","0,00","0,00","0,00","0,00",,
KMF,AZİMUT PORTFÖY ALTIN KATILIM FONU,Katılım Fonu,"1377753411,12","1479829903,87","7,41","434468496,00","417320821,00","-3,95","11,82","1,69",0,"55,38","2,19",6.0,"11,8223","4,4341","-4,0718","14,4417","55,3752",,
KNJ,KUVEYT TÜRK PORTFÖY ENERJİ KATILIM FONU,Katılım Fonu,"667540545,84","0,00",-100,"349480370,00","0,00",-100,"-100,00","2,4","2,4",0,"3,65",5.0,"0,00","0,00","0,00","0,00","0,00",,
KPI,İŞ PORTFÖY PARA PİYASASI KATILIM (TL) FONU,Katılım Fonu,"3840051693,38","5212290812,18","35,73","2695101294,00","3541299485,00","31,4","3,30","1,3",0,"45,58","3,65",1.0,"3,3009","10,1892","20,4653","26,6934","45,5762",,
KSK,AZİMUT PORTFÖY İKİNCİ PARA PİYASASI KATILIM FONU,Katılım Fonu,"8269018505,36","11165639203,89","35,03","2921941974,00","3815358698,38","30,58","3,41","1,05",0,"46,69","1,65",2.0,"3,4108","10,3623","20,9521","27,4755","46,685",,
KSR,KUVEYT TÜRK PORTFÖY SÜRDÜRÜLEBİLİRLİK KATILIM FONU,Katılım Fonu,"251959922,45","0,00",-100,"51016441,00","0,00",-100,"-100,00",2,2,0,"3,65",5.0,"0,00","0,00","0,00","0,00","0,00","0,00",
KTJ,KUVEYT TÜRK PORTFÖY TEKNOLOJİ KATILIM FONU,Katılım Fonu,"1593708514,23","0,00",-100,"637331463,00","0,00",-100,"-100,00","2,4","2,4",0,"3,65",6.0,"0,00","0,00","0,00","0,00","0,00",,
KTM,KUVEYT TÜRK PORTFÖY BİRİNCİ KATILIM (TL) FONU,Katılım Fonu,"669921998,53","0,00",-100,"30605983,00","0,00",-100,"-100,00","2,1","2,1",0,"3,65",3.0,"0,00","0,00","0,00","0,00","0,00","0,00","0,00"
KTN,KUVEYT TÜRK PORTFÖY KİRA SERTİFİKALARI KATILIM (TL) FONU,Katılım Fonu,"495126736,39","0,00",-100,"63121859,00","0,00",-100,"-100,00","1,5","1,5",0,"3,65",2.0,"0,00","0,00","0,00","0,00","0,00","0,00","0,00"
KTV,KUVEYT TÜRK PORTFÖY KISA VADELİ KİRA SERTİFİKALARI KATILIM (TL) FONU,Kisa Vadeli Kira Sertifikalari Katilim Fonu,"24440785709,46","0,00",-100,"3278419157,00","0,00",-100,"-100,00","1,5","1,5",0,"2,56",1.0,"0,00","0,00","0,00","0,00","0,00","0,00","0,00"
KU3,KUVEYT TÜRK PORTFÖY ÜÇÜNCÜ KATILIM FONU,Katılım Fonu,"256733943,97","0,00",-100,"225975950,00","0,00",-100,"-100,00","2,2","2,2",0,"3,65",5.0,"0,00","0,00",,,,,
KUA,KUVEYT TÜRK PORTFÖY AGRESİF KATILIM FONU,Katılım Fonu,"115130869,28","0,00",-100,"79951571,00","0,00",-100,"-100,00","2,5","2,5",0,"3,65",5.0,"0,00","0,00","0,00","0,00","0,00",,
KUD,KUVEYT TÜRK PORTFÖY DİNAMİK KATILIM FONU,Katılım Fonu,"209675863,36","0,00",-100,"125581422,00","0,00",-100,"-100,00",2,2,0,"3,65",3.0,"0,00","0,00","0,00","0,00","0,00",,
KUT,KUVEYT TÜRK PORTFÖY KIYMETLİ MADENLER KATILIM FONU,Katılım Fonu,"7420855722,48","0,00",-100,"689071106,00","0,00",-100,"-100,00","1,8","1,8",0,"2,19",6.0,"0,00","0,00","0,00","0,00","0,00","0,00",
KZL,KUVEYT TÜRK PORTFÖY ALTIN KATILIM FONU,Katılım Fonu,"83369461832,61","0,00",-100,"3276769594,00","0,00",-100,"-100,00","0,3","0,3",0,"2,19",,"0,00","0,00","0,00","0,00","0,00","0,00","0,00"
KZU,KUVEYT TÜRK PORTFÖY İKİNCİ ALTIN KATILIM FONU,Katılım Fonu,"405563112,56","0,00",-100,"187751074,00","0,00",-100,"-100,00","1,5","1,5",0,"3,65",6.0,"0,00","0,00","0,00","0,00","0,00",,
LKF,İŞ PORTFÖY ALTIN KATILIM FONU,Katılım Fonu,"71533592,07","94336007,93","31,88","75593875,00","88923145,00","17,63","12,11","1,9",0,0,"3,65",5.0,"12,1087",,,,,,
MPE,MT PORTFÖY PARA PİYASASI KATILIM (TL) FONU,Katılım Fonu,"69056605,81","90368067,24","30,86","49450468,00","65234815,00","31,92","-0,80","1,05",0,0,"1,65",1.0,"-0,8024","5,6334","15,2876","21,2168",,,
MPF,AKTİF PORTFÖY KISA VADELİ KİRA SERTİFİKASI KATILIM (TL) FONU,Kisa Vadeli Kira Sertifikalari Katilim Fonu,"1359797153,61","1361470963,30","0,12","168647855,04","163569956,04","-3,01","3,23","1,46","1,46","44,10","1,65",1.0,"3,2313","9,8348","19,4864","25,5704","44,1044","218,1364","364,6374"
MPK,AKTİF PORTFÖY KİRA SERTİFİKASI KATILIM (TL) FONU,Katılım Fonu,"269615131,07","277351258,15","2,87","28125132,96","28038168,96","-0,31","3,19","1,64","1,64","44,28",0,2.0,"3,1884","9,7347","19,3875","25,7791","44,2808","227,2416","435,1999"
NJF,NUROL PORTFÖY ALTIN KATILIM FONU,Katılım Fonu,"1050781584,58","1170681908,02","11,41","90780392,00","90962977,00","0,2","11,19",1,1,"57,96","2,19",6.0,"11,187","5,509","-1,569","15,5932","57,9557","322,315",
NJY,NUROL PORTFÖY BİRİNCİ KATILIM FONU,Katılım Fonu,"301904544,71","322976535,78","6,98","41476355,00","42970838,00","3,6","3,26","1,5","1,5","45,73","3,65",1.0,"3,259","10,0659","20,467","26,6909","45,728","233,3447",
NSP,NUROL PORTFÖY PARA PİYASASI KATILIM FONU,Katılım Fonu,"1305672632,40","1370191870,80","4,94","731290738,00","742670077,00","1,56","3,33","0,7","0,7","46,88",0,1.0,"3,3335","10,3226","20,9283","27,333","46,8805",,
OGD,OYAK PORTFÖY ALTIN KATILIM FONU,Katılım Fonu,"719888267,02","798309187,40","10,89","68159779,00","67024280,00","-1,67","12,77","1,75",0,"52,72","1,65",6.0,"12,7722","4,2969","-5,6375","11,8125","52,716","276,8488","1095,9997"
PA2,PUSULA PORTFÖY ALTIN KATILIM FONU,Katılım Fonu,"25639323,92","43741895,35","70,6","25468200,00","39084213,00","53,46","11,17","1,25",0,0,"2,19",6.0,"11,17",,,,,,
PDD,ASTRA PORTFÖY KATILIM FONU,Katılım Fonu,"848964707,97","860437132,19","1,35","146330891,00","144318749,00","-1,38","2,76","2,09","2,09","38,21","3,65",3.0,"2,7644","8,3042","17,6168","23,2432","38,213","173,0555","438,9843"
PK1,AHLATCI PORTFÖY PARA PİYASASI KATILIM (TL) FONU,Katılım Fonu,"8891712,42","11631010,41","30,81","8766037,00","11109906,00","26,74","3,21","1,1","1,1",0,,1.0,"3,2107",,,,,,
PKF,ATA PORTFÖY ALTIN KATILIM FONU,Katılım Fonu,"394149949,89","405842861,05","2,97","91913345,00","84080399,00","-8,52","12,56",1,1,"52,95","1,65",6.0,"12,559","4,1319","-5,9815","9,966","52,947","288,0536",
PKM,PUSULA PORTFÖY PARA PİYASASI KATILIM (TL) FONU,Katılım Fonu,"258715797,02","476717297,00","84,26","250087057,00","445864734,00","78,28","3,35",1,0,0,"2,19",1.0,"3,3537",,,,,,
PKR,ROTA PORTFÖY PARA PİYASASI KATILIM FONU,Katılım Fonu,"737959852,83","669647053,68","-9,26","487771237,00","435390296,00","-10,74","1,66",1,0,"43,30","1,65",1.0,"1,6602","8,4239","18,4207","24,5345","43,3021",,
PP1,PARDUS PORTFÖY BİRİNCİ KATILIM FONU,Katılım Fonu,"35409996,25","34123668,65","-3,63","20908075,00","20157562,00","-3,59","-0,04",1,0,"29,28","3,65",5.0,"-0,0447","-2,3576","11,7813","27,8378","29,2797",,
PPG,ALBARAKA PORTFÖY PARA PİYASASI KATILIM FONU,Katılım Fonu,"2493641967,47","2441707735,28","-2,08","1769257926,00","1678493994,00","-5,13","3,21","1,25","1,25","45,17","1,65",1.0,"3,2122","10,0459","20,2596","26,5807","45,1727",,
PPK,QNB PORTFÖY PARA PİYASASI KATILIM (TL) FONU,Katılım Fonu,"5359411176,69","5970976609,95","11,41","2460427789,00","2653569373,00","7,85","3,30","1,3","1,3","46,16","3,65",1.0,"3,3019","10,2013","20,6057","26,9192","46,1594",,
PRR,INVEO PORTFÖY PARA PİYASASI KATILIM (TL) FONU,Katılım Fonu,"781164176,45","859298394,82",10,"604639224,00","643867421,00","6,49","3,30","1,16",0,0,"3,65",1.0,"3,3003","10,2419","20,535","26,6823",,,
RBA,ALBARAKA PORTFÖY BEREKET VAKFI NA DESTEK ALTIN KATILIM FONU,Katılım Fonu,"1755490070,92","1934436394,71","10,19","90255244,00","88189195,00","-2,29","12,78",1,1,"53,33","2,19",6.0,"12,7751","2,9254","-8,2238","9,7109","53,3289","293,5703","1076,7547"
RBK,ALBARAKA PORTFÖY KATILIM FONU,Katılım Fonu,"53733629,61","48865900,49","-9,06","6268174,00","5558398,00","-11,32","2,55","1,5","1,5","27,07","3,65",4.0,"2,5537","7,5043","12,7841","16,0454","27,0683","135,0129","487,8164"
RBT,ALBARAKA PORTFÖY KİRA SERTİFİKALARI  KATILIM FONU,Kira Sertifikası Fonu,"992919128,14","1344387013,70","35,4","156276315,00","204464672,00","30,84","3,49",1,1,"46,25","3,65",1.0,"3,4869","10,5968","20,7249","26,9965","46,2505","217,6074","352,6393"
RBV,ALBARAKA PORTFÖY KISA VADELİ KİRA SERTİFİKALARI KATILIM (TL) FONU,Kisa Vadeli Kira Sertifikalari Katilim Fonu,"6395686547,16","7902081714,28","23,55","955633990,00","1144100521,00","19,72","3,20","1,5","1,5","43,52","2,56",1.0,"3,2005","9,7823","19,2679","25,341","43,5229","214,4742","363,2795"
RCV,AZİMUT PORTFÖY BİRİNCİ ÇOKLU VARLIK KATILIM FONU,Katılım Fonu,"59146659,45","65186592,25","10,21","35081245,00","36151492,00","3,05","6,95",3,0,"46,60","3,65",4.0,"6,949","11,2296","20,1289","34,1833","46,6015",,
RJG,RE-PIE PORTFÖY ALTIN KATILIM FONU,Katılım Fonu,"93193697,69","90050260,41","-3,37","29726522,00","25487271,00","-14,26","12,70","0,95","0,95","52,86","2,19",6.0,"12,6973","4,6806","-6,1327","8,1542","52,8606",,
RKS,ROTA PORTFÖY KİRA SERTİFİKALARI KATILIM FONU,Katılım Fonu,"90203179,21","90804801,66","0,67","43872721,00","44541885,00","1,53","-0,85","1,2",0,"38,53","3,65",2.0,"-0,8454","5,3868","14,6782","20,5481","38,5323",,
RRP,RE-PIE PORTFÖY PARA PİYASASI KATILIM (TL) FON,Katılım Fonu,"734921706,25","820981129,82","11,71","460948729,00","498945660,00","8,24","3,20","0,9","0,9","44,83","1,65",2.0,"3,2028","9,9822","20,1048","26,1979","44,8282",,
TCA,ZİRAAT PORTFÖY ALTIN KATILIM FONU,Katılım Fonu,"12820910708,97","14176457668,37","10,57","18105538541,44","17749260041,44","-1,97","12,79","1,2","1,2","40,03","4,38",6.0,"12,7924","1,8335","-10,7348","-1,0224","40,029","258,6841","1141,2498"
TLK,AKTİF PORTFÖY PARA PİYASASI KATILIM (TL) FONU,Katılım Fonu,"3225559634,18","3601374858,07","11,65","1884914806,00","2037074137,00","8,07","3,31","1,2","1,2","45,63","1,65",1.0,"3,3113","10,1856","20,2867","26,49","45,6316",,
TLV,TERA PORTFÖY PARA PİYASASI KATILIM (TL) FONU,Katılım Fonu,"3633002894,54","3952452775,63","8,79","2753800355,00","2895332021,00","5,14","3,47",1,0,0,2,1.0,"3,4749","10,4147","22,3241","29,8406",,,
TPZ,TEB PORTFÖY KİRA SERTİFİKALARI (DÖVİZ) KATILIM FONU,Katılım Fonu,"121230724,70","0,00",-100,"4352317,00","0,00",-100,"-100,00","1,05","1,05",0,"3,65",6.0,"0,00","0,00","0,00","0,00","0,00","0,00","0,00"
TVE,EMAA BLUE PORTFÖY TARIM VE GIDA SEKTÖRÜ KATILIM FONU,Katılım Fonu,"224552753,81","217346906,44","-3,21","195739096,00","190220191,00","-2,82","-0,40","2,4","2,4",0,"3,65",6.0,"-0,4007","-4,0892","2,9446","15,7639",,,
VFK,ZİRAAT PORTFÖY İKİNCİ KISA VADELİ KİRA SERTİFİKALARI KATILIM (TL) FONU,Kisa Vadeli Kira Sertifikalari Katilim Fonu,"2945337743,55","3069219051,02","4,21","556260630,00","561659450,00","0,97","3,20","1,5","1,5","43,76","2,54",1.0,"3,2044","9,7705","19,3288","25,3506","43,7557","219,7062","369,9342"
VFO,V PORTFÖY ALTIN KATILIM FONU,Katılım Fonu,"47250062,76","0,00",-100,"51434117,00","0,00",-100,"-100,00","1,8","1,8",0,"2,19",6.0,"0,00",,,,,,
VKK,VAKIF KATILIM PORTFÖY KİRA SERTİFİKALARI KATILIM FONU,Katılım Fonu,"46438757,69","65446765,51","40,93","44254519,00","60399848,00","36,48","3,26","1,5","1,5",0,"3,65",2.0,"3,2593",,,,,,
VKV,VAKIF KATILIM PORTFÖY KISA VADELİ KİRA SERTİFİKALARI KATILIM FONU,Katılım Fonu,"200429809,93","415975434,49","107,54","190989694,00","383810778,00","100,96","3,28","1,5","1,5",0,"2,56",2.0,"3,2757",,,,,,
VLT,VAKIF KATILIM PORTFÖY ALTIN KATILIM FONU,Katılım Fonu,"52364516,61","63273292,09","20,83","56625935,00","60848949,00","7,46","12,45","1,5","1,5",0,"2,19",6.0,"12,4465",,,,,,
VPA,VAKIF KATILIM PORTFÖY PARA PİYASASI KATILIM FONU,Katılım Fonu,"10157703725,46","8975362533,63","-11,64","9450425837,00","8084230418,00","-14,46","3,29","1,25","1,25",0,"1,65",1.0,"3,2926","10,2982",,,,,
VRK,DENİZ PORTFÖY ÇOKLU VARLIK KATILIM FONU,Katılım Fonu,"49572716,14","47175229,10","-4,84","39014197,00","35436557,00","-9,17","4,77","1,95","1,95",0,0,4.0,"4,7713","7,0992","12,7533","23,6014",,,
YFV,YAPI KREDİ PORTFÖY KİRA SERTİFİKALARI KATILIM FONU,Katılım Fonu,"866500314,85","888984006,70","2,59","8442106082,00","8454274009,00","0,14","2,45","2,01","2,01","39,13","3,65",2.0,"2,4474","7,0827","14,8813","21,249","39,1323","190,4751","398,3743"
ZBI,ZİRAAT PORTFÖY TEMKİNLİ KATILIM FONU,Katılım Fonu,"205151899,99","183773845,03","-10,42","92782479,00","80275445,00","-13,48","3,54",2,2,"45,42",0,3.0,"3,536","9,4807","18,8625","28,047","45,4182",,
ZCK,ZİRAAT PORTFÖY AGRESİF KATILIM FONU,Katılım Fonu,"394325219,68","388986876,55","-1,35","221672427,00","208378247,00",-6,"4,94","2,75","2,75","40,55",0,4.0,"4,9397","8,7449","19,5543","36,25","40,5544",,
ZPF,ZİRAAT PORTFÖY KATILIM FONU (DÖVİZ),Katılım Fonu,"714222583,66","751717693,84","5,25","31420932,00","32392919,00","3,09","2,09",1,1,"23,73","4,38",6.0,"2,0916","6,3023","10,9275","13,7283","23,7293","124,714","589,2437"
ZPG,ZİRAAT PORTFÖY KİRA SERTİFİKALARI (SUKUK) KATILIM FONU,Katılım Fonu,"1507911818,09","1627419732,09","7,93","145625490,43","152568649,43","4,77","3,01","1,5","1,5","41,77","4,38",2.0,"3,0139","9,3446","18,396","23,8987","41,7711","206,1278","406,4086"
ZPO,ZİRAAT PORTFÖY PARA PİYASASI KATILIM FONU,Katılım Fonu,"7129879,52","1227436862,16","17115,39","7096922,00","1180234896,00","16530,24","3,52",1,1,0,,,"3,5187",,,,,,
